question,answer
Triết học ở thời kỳ trung cổ bị ảnh hưởng như thế nào bởi quyền lực của Giáo hội?, Triết học trở thành nô lệ của thần học suy tàn trong môi trường chật hẹp của đêm trường trung cổ.
Tư duy triết học trong triết học duy tâm được phát triển như thế nào?, Phát triển thông qua nghiên cứu về tư tưởng và ý thức.
Triết học nghiên cứu thế giới bằng cách nào?, Sử dụng phương pháp lý luận và tổng hợp lịch sử triết học và khoa học.
Triết học quan tâm đến mối quan hệ nào trong xã hội và con người?, Mối quan hệ giữa con người và tự nhiên cũng như con người và xã hội.
Tại sao triết học được xem như hình thái cao nhất của tri thức?, Vì khả năng bao quát và hiểu biết mọi khía cạnh của thế giới vật chất và tinh thần.
Triết học duy vật chủ nghĩa dựa trên điều gì để phát triển mạnh mẽ?, Dựa trên cơ sở của tri thức khoa học thực nghiệm và cuộc đấu tranh chống lại chủ nghĩa duy tâm và tôn giáo.
Những nhà triết học nào đại diện cho đỉnh cao của triết học duy vật thế kỷ XVII - XVIII ở Anh Pháp Hà Lan?, Ph.Bêcơn và T.Hốpxơ ở Anh Điđrô và Henvêtiuýt ở Pháp cùng với Xpinôda ở Hà Lan là những đại biểu tiêu biểu của triết học duy vật thế kỷ XVII - XVIII.
Pháp thời kỳ trước Mác đóng vai trò như thế nào trong sự phát triển chủ nghĩa duy vật?, Trước Mác Pháp đã trở thành trung tâm của cuộc tranh luận chống lại chế độ phong kiến và mê tín đẩy mạnh sự phát triển của chủ nghĩa duy vật trong lịch sử triết học.
Triết học Mác ra đời như một phản ứng với điều gì?, Ra đời như một phản ứng với hệ thống xã hội và kinh tế tồn tại vào thế kỷ XIX.
Đối tượng nghiên cứu của triết học Mác là gì?, Mối quan hệ giữa vật chất và ý thức cũng như các quy luật chung nhất của tự nhiên xã hội và tư duy.
Triết học nghiên cứu thế giới bằng cách nào?, Sử dụng phương pháp lý luận và tổng hợp lịch sử triết học và khoa học.
Triết học quan tâm đến mối quan hệ nào trong xã hội và con người?, Mối quan hệ giữa con người và tự nhiên cũng như con người và xã hội.
Tại sao triết học được xem như hình thái cao nhất của tri thức?, Vì khả năng bao quát và hiểu biết mọi khía cạnh của thế giới vật chất và tinh thần.
Triết học hiện đại tại phương Tây thường tập trung vào việc nghiên cứu những gì?, Tập trung vào việc nghiên cứu về xã hội tâm lý ngôn ngữ và các vấn đề tinh thần khác.
Triết học quan tâm đến mối quan hệ nào trong xã hội và con người?, Mối quan hệ giữa con người và tự nhiên cũng như con người và xã hội.
Triết học được xem như hình thái cao nhất của tri thức từ khi nào?,  Triết học được xem như hình thái cao nhất của tri thức từ khi mới ra đời.
Triết học tự nhiên của Hy Lạp cổ đại đạt được những thành tựu nào?,  Triết học tự nhiên của Hy Lạp cổ đại đạt được nhiều thành tựu rực rỡ ảnh hưởng sâu đậm đến sự phát triển của tư tưởng triết học ở Tây Âu.
Triết học trở thành nô lệ của thần học trong thời kỳ nào?,  Triết học trở thành nô lệ của thần học trong thời kỳ trung cổ khi quyền lực của Giáo hội bao trùm mọi lĩnh vực đời sống xã hội.
Triết học duy vật chủ nghĩa phát triển mạnh mẽ như thế nào?,  Triết học duy vật chủ nghĩa phát triển mạnh mẽ trong thế kỷ XVII - XVIII dựa trên cơ sở của khoa học thực nghiệm và đạt đến đỉnh cao mới.
Triết học duy vật chủ nghĩa ở Pháp có ảnh hưởng như thế nào trong lịch sử triết học?,  Triết học duy vật chủ nghĩa ở Pháp đặc biệt là vào cuối thế kỷ XVIII đã đóng vai trò quan trọng trong cuộc chiến chống lại chế độ phong kiến và mê tín đẩy mạnh sự phát triển của triết học.
Sự phát triển của khoa học vào thế kỷ XV-XVI ảnh hưởng thế nào đến triết học?,  Sự phát triển của khoa học vào thế kỷ XV-XVI đã tạo cơ sở tri thức vững chắc cho sự phục hưng của triết học.
Các bộ môn khoa học chuyên ngành như thế nào đã xuất hiện trong thời kỳ phục hưng triết học?,  Các bộ môn khoa học chuyên ngành đặc biệt là các khoa học thực nghiệm đã xuất hiện để đáp ứng yêu cầu của thực tiễn và sản xuất công nghiệp.
Triết học duy vật chủ nghĩa ra đời như một phản ứng với điều gì?,  Triết học duy vật chủ nghĩa ra đời như một phản ứng với chủ nghĩa duy tâm và tôn giáo.
Vì sao Pháp trở thành trung tâm của cuộc tranh luận triết học trước Mác?,  Pháp trở thành trung tâm của cuộc tranh luận triết học trước Mác do cuộc chiến chống lại chế độ phong kiến và mê tín.
Triết học duy vật chủ nghĩa ở Anh Pháp Hà Lan đã đạt được điều gì trong thế kỷ XVII-XVIII?,  Triết học duy vật chủ nghĩa ở Anh Pháp Hà Lan đã đạt được đỉnh cao mới trong triết học thế kỷ XVII-XVIII.
Triết học duy vật chủ nghĩa ở Anh Pháp Hà Lan có những đại biểu nào tiêu biểu?,  Triết học duy vật chủ nghĩa ở Anh Pháp Hà Lan có những đại biểu tiêu biểu như Ph.Bêcơn T.Hốpxơ (Anh) Điđrô Henvêtiuýt (Pháp) Xpinôda (Hà Lan).
Vấn đề cơ bản của triết học là gì?,  Vấn đề cơ bản của triết học là vấn đề quan hệ giữa tư duy và tồn tại.
Theo Ăngghen vấn đề cơ bản của mọi triết học là gì?,  Vấn đề cơ bản của mọi triết học đặc biệt là của triết học hiện đại là vấn đề quan hệ giữa tư duy và tồn tại.
Vấn đề cơ bản của triết học định rõ điều gì?,  Vấn đề cơ bản của triết học định rõ nền tảng và điểm xuất phát để giải quyết các vấn đề khác của triết học.
Mục đích của việc giải quyết vấn đề cơ bản của triết học là gì?,  Mục đích của việc giải quyết vấn đề cơ bản của triết học là xác định lập trường thế giới quan của các triết gia và học thuyết của họ.
Vấn đề cơ bản của triết học có mấy mặt và mỗi mặt liên quan đến câu hỏi gì?,  Vấn đề cơ bản của triết học có hai mặt mỗi mặt liên quan đến một câu hỏi lớn: mặt thứ nhất liên quan đến câu hỏi về quan hệ giữa ý thức và vật chất mặt thứ hai liên quan đến câu hỏi về khả năng nhận thức của con người về thế giới.
Thế giới quan là gì?,  Thế giới quan là toàn bộ quan niệm của con người về thế giới về bản thân và vị trí của họ trong đó.
Sự hoà nhập giữa tri thức và niềm tin trong thế giới quan thể hiện như thế nào?,  Sự hoà nhập giữa tri thức và niềm tin trong thế giới quan thể hiện khi tri thức trở thành niềm tin định hướng cho hoạt động của con người.
Có bao nhiêu cách tiếp cận để nghiên cứu về thế giới quan?,  Có ba cách tiếp cận để nghiên cứu về thế giới quan: thế giới quan huyền thoại thế giới quan tôn giáo và thế giới quan triết học.
Thế giới quan huyền thoại thể hiện điều gì?,  Thế giới quan huyền thoại thể hiện cách con người nguyên thủy cảm nhận thế giới kết hợp yếu tố tri thức cảm xúc lý trí và tín ngưỡng.
Niềm tin tôn giáo đóng vai trò như thế nào trong thế giới quan tôn giáo?,  Niềm tin tôn giáo đóng vai trò chủ yếu trong thế giới quan tôn giáo với tín ngưỡng cao hơn lý trí và cái ảo thường lấn át cái thực và cái người.
Triết học có vai trò gì trong quá trình hình thành và phát triển thế giới quan?,  Triết học được coi là trình độ tự giác trong quá trình hình thành và phát triển thế giới quan định hướng cho quá trình này thông qua hệ thống lý luận và quan niệm chung về thế giới.
Triết học và thế giới quan có mối liên hệ như thế nào?,  Triết học là hạt nhân lý luận của thế giới quan định hướng cho quá trình củng cố và phát triển thế giới quan của con người và cộng đồng.
Quá trình hình thành thế giới quan như thế nào theo quan điểm của triết học?,  Thế giới quan hình thành từ toàn bộ tri thức và kinh nghiệm sống của con người trong đó tri thức của các khoa học cụ thể là cơ sở trực tiếp cho sự hình thành các quan niệm về thế giới.
Thế giới quan tôn giáo và thế giới quan triết học khác nhau như thế nào?,  Thế giới quan tôn giáo dựa vào niềm tin tôn giáo trong khi thế giới quan triết học dựa vào hệ thống lý luận và quan niệm chung về thế giới.
Triết học đóng vai trò gì trong việc định hình quan điểm cá nhân và cộng đồng về thế giới?,  Triết học định hướng và định hình quan điểm cá nhân và cộng đồng về thế giới thông qua việc xây dựng hệ thống lý luận và quan niệm chung.
Thế giới quan huyền thoại thế giới quan tôn giáo và thế giới quan triết học có những điểm tương đồng và khác biệt gì?,  Cả ba loại thế giới quan này đều đóng vai trò quan trọng trong định hình quan điểm của con người về thế giới nhưng chúng khác biệt về cơ sở phương thức và quan niệm.
Triết học phân loại nhà triết học thành những trường phái nào?,  Chủ nghĩa duy vật và chủ nghĩa duy tâm là hai trường phái lớn của triết học.
Chủ nghĩa duy vật chất phác được phát triển như thế nào?,  Chủ nghĩa duy vật chất phác là kết quả của các nhà triết học duy vật thời cổ đại nhưng có những hạn chế về tính trực quan.
Chủ nghĩa duy vật siêu hình là gì và được phát triển như thế nào?,  Chủ nghĩa duy vật siêu hình thể hiện rõ ở thế kỷ XV đến XVIII và được ảnh hưởng bởi phương pháp tư duy siêu hình máy móc.
Chủ nghĩa duy vật biện chứng là gì và ai đã phát triển nó?,  Chủ nghĩa duy vật biện chứng được xây dựng bởi C.Mác Ph.Ăngghen và được V.I.Lênin phát triển là đỉnh cao của sự phát triển của chủ nghĩa duy vật.
Ý nghĩa của chủ nghĩa duy vật biện chứng là gì?,  Chủ nghĩa duy vật biện chứng không chỉ phản ánh hiện thực mà còn giúp những lực lượng tiến bộ trong xã hội cải tạo hiện thực đó.
Mối quan hệ giữa chủ nghĩa duy vật và chủ nghĩa duy tâm như thế nào?,  Chủ nghĩa duy vật và chủ nghĩa duy tâm là hai quan điểm trái ngược nhau về quan hệ giữa ý thức và vật chất.
Chủ nghĩa duy vật và chủ nghĩa duy tâm có điểm tương đồng nào không?,  Cả hai đều là những quan điểm lớn trong triết học nhưng chúng khác nhau về cách tiếp cận vấn đề cơ bản của triết học.
Ý nghĩa của việc phân loại các nhà triết học vào hai trường phái chính là gì?,  Việc phân loại giúp hiểu rõ hơn về các quan điểm và phương pháp nghiên cứu của các nhà triết học.
Tại sao chủ nghĩa duy vật biện chứng được coi là đỉnh cao của chủ nghĩa duy vật?,  Bởi vì nó không chỉ phản ánh hiện thực mà còn giúp cải tạo hiện thực đó theo hướng tiến bộ.
Triết học đóng vai trò gì trong việc phát triển xã hội?,  Triết học không chỉ là nền tảng lý luận mà còn là động lực để cải thiện và phát triển xã hội thông qua việc cải tạo hiện thực và quan điểm của con người.
Chủ nghĩa duy tâm được chia thành những phái nào?,  Chủ nghĩa duy tâm chia thành chủ quan và khách quan.
Chủ nghĩa duy tâm chủ quan nhận thức hiện thực như thế nào?,  Chủ nghĩa duy tâm chủ quan nhấn mạnh vào cảm giác và ý thức cá nhân.
Chủ nghĩa duy tâm khách quan nhận thức hiện thực như thế nào?,  Chủ nghĩa duy tâm khách quan tin rằng có một thực thể tinh thần khách quan tồn tại độc lập với con người.
Ý nghĩa của chủ nghĩa duy tâm trong triết học là gì?,  Chủ nghĩa duy tâm là quan điểm cho rằng ý thức tinh thần là cái có trước và sản sinh ra giới tự nhiên.
Sự khác biệt giữa chủ nghĩa duy tâm triết học và chủ nghĩa duy tâm tôn giáo là gì?,  Trong khi chủ nghĩa duy tâm triết học dựa trên tư duy lý tính chủ nghĩa duy tâm tôn giáo dựa vào lòng tin và tôn giáo.
Nguyên nhân gốc rễ của chủ nghĩa duy tâm ra đời là gì?,  Sự tách rời giữa lao động trí óc và lao động chân tay trong xã hội đã tạo ra quan niệm về vai trò quyết định của nhân tố tinh thần.
Chủ nghĩa duy tâm tôn giáo thường sử dụng như làm cơ sở lý luận cho điều gì?,  Chủ nghĩa duy tâm tôn giáo thường được sử dụng để lý giải và chứng minh các quan điểm tôn giáo.
Khái niệm nhất nguyên luận liên quan đến chủ nghĩa duy tâm như thế nào?,  Nhất nguyên luận liên quan đến chủ nghĩa duy tâm cho rằng tinh thần là nguồn gốc của thế giới.
Nhị nguyên luận là gì và liên quan đến chủ nghĩa duy tâm như thế nào?,  Nhị nguyên luận cho rằng vật chất và tinh thần là hai nguyên thể tồn tại độc lập liên quan đến quan điểm của chủ nghĩa duy tâm.
Chủ nghĩa duy tâm và chủ nghĩa duy vật đấu tranh như thế nào trong lịch sử triết học?,  Lịch sử triết học là lịch sử của sự đấu tranh giữa chủ nghĩa duy tâm và chủ nghĩa duy vật.